﻿Daniel Clark;lcharles@yahoo.com;1234;uin;bph
Joe Holmes PhD;deannamcknight@yahoo.com;1234;uin;medeks
Sandra Costa;sara36@yahoo.com;1234;unsoed;pendidikan
Kimberly White;kennethburns@crawford-wu.com;1234;ump;kesehatan
Jason Taylor;oneillkatherine@yahoo.com;1234;unsoed;kesehatan
Erica Murray;coleallison@peterson-williams.org;1234;unsoed;pendidikan
Susan Allen;zwilson@roth-martinez.info;1234;ump;pendidikan
Ashley Perry;laurenmitchell@gmail.com;1234;unsoed;ekonomi
John Mccarty;ernestmiller@yahoo.com;1234;unsoed;medeks
Nathan Olson;michael54@gmail.com;1234;uin;medeks
